id,Name_gcp_with_numberbyL
336,6-336-BrunNoirMarronfoncé-200000142127-7
2311,7-2311-Digital-Rouge
1800,8-1800-Violet-200000654266-1
2290,9-2290-Digital-Rouge
2333,10-2333-Digital-Nacre
2339,11-2339-Digital-ChatainMarron
2302,14-2302-Digital-Nacre
684,17-684-ChatainMarron-200000655541-46
585,18-585-BrunNoirMarronfoncé-20240514-141037-14
2299,21-2299-Digital-ChatainMarron
2249,22-2249-Digital-ChatainMarron
2365,23-2365-Digital-Rouge
2259,24-2259-Digital-CuivreRoux
2269,25-2269-Digital-CuivreRoux
990,28-990-ChatainMarron-200000654295-42
2319,29-2319-Digital-Rouge
2330,30-2330-Digital-ChatainMarron
999,31-999-ChatainMarron-200000655239-12
2202,32-2202-Rouge-200000633939-5
2317,33-2317-Digital-Nacre
1047,34-1047-ChatainMarron-200000655228-39
2320,35-2320-Digital-ChatainMarron
2281,36-2281-Digital-Rouge
1838,37-1838-Violet-200000634908-7
1101,38-1101-ChatainMarron-200000634770-17
2222,39-2222-Rouge-200003655446-2
1160,40-1160-ChatainMarron-200000239200-23
1166,41-1166-ChatainMarron-200000634414-7
2292,42-2292-Digital-Rouge
1231,43-1231-ChatainMarron-200000658496-41
1245,44-1245-ChatainMarron-200003422177-11
1289,46-1289-ChatainMarron-200000655302-9
2254,47-2254-Digital-ChatainMarron
1443,48-1443-Blond-200000226968-7
1300,49-1300-ChatainMarron-200000604254-16
1315,50-1315-ChatainMarron-200000633841-37
1322,51-1322-ChatainMarron-200000128853-45
1947,52-1947-CuivréRoux-200000654268-3
2346,53-2346-Digital-ChatainMarron
2344,55-2344-Digital-ChatainMarron
2342,56-2342-Digital-ChatainMarron
8,57-8-BeigeGris-200000633844-14
1399,58-1399-ChatainMarron-200000234452-21
1869,59-1869-Nacré-200000655609-1
14,60-14-BeigeGris-200000634437-14
1509,61-1509-Blond-200000759781-2
15,62-15-BeigeGris-200000194403-11
2244,63-2244-Digital-BeigeGris
2001,64-2001-CuivréRoux-200000634296-8
1428,65-1428-ChatainMarron-200000658568-29
25,66-25-BeigeGris-200000634069-2
2307,67-2307-Digital-ChatainMarron
1570,68-1570-Blond-200000655257-11
1578,69-1578-Blond-200000147393-13
29,70-29-BeigeGris-200000634153-2
1583,71-1583-Blond-200000687239-13
1874,72-1874-Nacré-200000634906-8
2367,73-2367-Digital-CuivreRoux
42,74-42-BeigeGris-200000638321-5
1629,75-1629-Blond-200000604330-4
2246,76-2246-Digital-BeigeGris
2350,79-2350-Digital-Blond
171,86-171-BeigeGris-200000655290-4
2352,87-2352-Digital-Nacre
1772,89-1772-Blond-200000634106-12
2368,4-2368-Digital-BrunNoirMarronfonce
766,19-766-ChatainMarron-200003422171-28
874,26-874-ChatainMarron-200000633991-33
922,27-922-ChatainMarron-200000761488-43
1842,45-1842-Violet-200000634832-4
2268,54-2268-Digital-CuivreRoux
2366,1-2366-Digital-BrunNoirMarronfonce
2306,2-2306-Digital-BrunNoirMarronfonce
2265,3-2265-Digital-BrunNoirMarronfonce
2369,5-2369-Digital-Violet
504,12-504-BrunNoirMarronfoncé-200000605370-15
2318,13-2318-Digital-ChatainMarron
544,15-544-BrunNoirMarronfoncé-200003655483-8
566,16-566-BrunNoirMarronfoncé-200000605410-1
776,20-776-ChatainMarron-200003451302-10
65,77-65-BeigeGris-200000634281-6
117,82-117-BeigeGris-200000238674-13
152,85-152-BeigeGris-200000655750-1
216,90-216-BeigeGris-20230623-143338-3
233,91-233-BeigeGris-200000634782-10
1681,78-1681-Blond-200000634244-10
1739,84-1739-Blond-200000634399-17
1763,88-1763-Blond-200000634268-1
1889,80-1889-Nacré-200000634796-7
1892,81-1892-Nacré-200000633966-9
2062,83-2062-Others-200000242320-4
2304,92-2304-Digital-BeigeGris
2325,95-2325-Digital-BeigeGris
2361,94-2361-Digital-BeigeGris
2363,93-2363-Digital-BeigeGris
